<?xml version="1.0" encoding="UTF-8" standalone="yes"?>
<addon id="repository.modernvod" name="Modern VOD Repository" provider-name="J.K" version="0.0.1">
  <extension point="xbmc.addon.repository">
    <info>https://raw.githubusercontent.com/jk-5/Modern-VOD/master/REPO/addons.xml</info>
    <checksum>https://raw.githubusercontent.com/jk-5/Modern-VOD/master/REPO/addons.xml.md5</checksum>
    <datadir zip="true">https://raw.githubusercontent.com/jk-5/Modern-VOD/master/REPO/modernvod</datadir>
  </extension>
</addon>
