<?xml version="1.0" encoding="UTF-8" standalone="yes" ?>
<addon id="repository.modernvod" name="ModernVOD_Repo" version="0.0.1" provider-name="Modern VOD">
	<extension point="xbmc.addon.repository" name="ModernVOD_Repo">
	<dir>
		<info compressed="false">https://raw.githubusercontent.com/jk-5/Modern-VOD/master/REPO/addons.xml</info>
		<checksum>https://raw.githubusercontent.com/jk-5/Modern-VOD/master/REPO/addons.xml.md5</checksum>
		<datadir zip="true">https://raw.githubusercontent.com/jk-5/Modern-VOD/master/REPO/</datadir>
		<datadir zip="true"></datadir>
	</dir>	
	
	</extension>
	<extension point="xbmc.addon.metadata">
		<summary>Repozytorium Modern VOD</summary>
		<description></description> 
		<platform>all</platform>
		<license>GNUv3</license>
		<website>https://modernvod.wordpress.com/</website>
	</extension>
</addon>


